<?xml version="1.0" encoding="UTF-8"?>
<SoftwareLegalInformation>
  <OutputDateTime>2019-04-05T17:19:01.885Z</OutputDateTime>
  <DeclarationRequiredNotations>
    <TechnologyName>Unity</TechnologyName>
    <TechnologyName>NintendoWare_Bezel_Engine</TechnologyName>
    <TechnologyName>NintendoWare_Bezel_Engine</TechnologyName>
    <TechnologyName>NintendoSDK_libcurl</TechnologyName>
    <TechnologyName>NintendoSDK_movie</TechnologyName>
    <TechnologyName>NEX</TechnologyName>
    <TechnologyName>NEX</TechnologyName>
    <TechnologyName>nlib_LZ4</TechnologyName>
    <TechnologyName>nlib_bsdiff</TechnologyName>
    <TechnologyName>glew</TechnologyName>
    <TechnologyName>Capstone</TechnologyName>
    <TechnologyName>Breakpad</TechnologyName>
    <TechnologyName>NintendoSDK_dear_imgui</TechnologyName>
    <TechnologyName>NintendoSDK_Vulkan</TechnologyName>
    <TechnologyName>Wslay</TechnologyName>
    <TechnologyName>SkiaGraphicsLibrary</TechnologyName>
    <TechnologyName>H2O</TechnologyName>
  </DeclarationRequiredNotations>
  <ProductRegions>
    <Usa>true</Usa>
    <Japan>true</Japan>
    <Europe>true</Europe>
    <Asia>true</Asia>
  </ProductRegions>
  <FormatVersion>2.0.0</FormatVersion>
  <ApplicationId>0x01004ea00df70000</ApplicationId>
  <DataHash>9ba2c634831cd40fc190a4842a02f245</DataHash>
</SoftwareLegalInformation>
